i94port,portname,country,addr
ALC,ALCAN,UNITED STATES,AK
ANC,ANCHORAGE,UNITED STATES,AK
BAR,BAKERAAF-BAKERISLAND,UNITED STATES,AK
DAC,DALTONSCACHE,UNITED STATES,AK
PIZ,DEWSTATIONPTLAYDEW,UNITED STATES,AK
DTH,DUTCHHARBOR,UNITED STATES,AK
EGL,EAGLE,UNITED STATES,AK
FRB,FAIRBANKS,UNITED STATES,AK
HOM,HOMER,UNITED STATES,AK
HYD,HYDER,UNITED STATES,AK
JUN,JUNEAU,UNITED STATES,AK
5KE,KETCHIKAN,UNITED STATES,AK
KET,KETCHIKAN,UNITED STATES,AK
MOS,MOSESPOINTINTERMEDIATE,UNITED STATES,AK
NIK,NIKISKI,UNITED STATES,AK
NOM,NOM,UNITED STATES,AK
PKC,POKERCREEK,UNITED STATES,AK
ORI,PORTLIONSSPB,UNITED STATES,AK
SKA,SKAGWAY,UNITED STATES,AK
SNP,STPAULISLAND,UNITED STATES,AK
TKI,TOKEEN,UNITED STATES,AK
WRA,WRANGELL,UNITED STATES,AK
HSV,MADISONCOUNTY-HUNTSVILLE,UNITED STATES,AL
MOB,MOBILE,UNITED STATES,AL
LIA,LITTLEROCK,UNITED STATES,AR
ROG,ROGERSARPT,UNITED STATES,AR
DOU,DOUGLAS,UNITED STATES,AZ
LUK,LUKEVILLE,UNITED STATES,AZ
MAP,MARIPOSA,UNITED STATES,AZ
NAC,NACO,UNITED STATES,AZ
NOG,NOGALES,UNITED STATES,AZ
PHO,PHOENIX,UNITED STATES,AZ
POR,PORTAL,UNITED STATES,AZ
SLU,SANLUIS,UNITED STATES,AZ
SAS,SASABE,UNITED STATES,AZ
TUC,TUCSON,UNITED STATES,AZ
YUI,YUMA,UNITED STATES,AZ
AND,ANDRADE,UNITED STATES,CA
BUR,BURBANK,UNITED STATES,CA
CAL,CALEXICO,UNITED STATES,CA
CAO,CAMPO,UNITED STATES,CA
FRE,FRESNO,UNITED STATES,CA
ICP,IMPERIALCOUNTY,UNITED STATES,CA
LNB,LONGBEACH,UNITED STATES,CA
LOS,LOSANGELES,UNITED STATES,CA
BFL,MEADOWSFIELD-BAKERSFIELD,UNITED STATES,CA
OAK,OAKLAND,UNITED STATES,CA
ONT,ONTARIO,UNITED STATES,CA
OTM,OTAYMESA,UNITED STATES,CA
BLT,PACIFIC HWY STATION,UNITED STATES,CA
PSP,PALMSPRINGS,UNITED STATES,CA
SAC,SACRAMENTO,UNITED STATES,CA
SLS,SALINAS,UNITED STATES,CA
SDP,SANDIEGO,UNITED STATES,CA
SFR,SANFRANCISCO,UNITED STATES,CA
SNJ,SANJOSE,UNITED STATES,CA
SLO,SANLUISOBISPO,UNITED STATES,CA
SLI,SANLUISOBISPO,UNITED STATES,CA
SPC,SANPEDRO,UNITED STATES,CA
SYS,SANYSIDRO,UNITED STATES,CA
SAA,SANTAANA,UNITED STATES,CA
STO,STOCKTON,UNITED STATES,CA
TEC,TECATE,UNITED STATES,CA
TRV,TRAVIS-AFB,UNITED STATES,CA
APA,ARAPAHOECOUNTY,UNITED STATES,CO
ASE,ASPEN,UNITED STATES,CO
COS,COLORADOSPRINGS,UNITED STATES,CO
DEN,DENVER,UNITED STATES,CO
DRO,LAPLATA-DURANGO,UNITED STATES,CO
BDL,BRADLEYINTERNATIONAL,UNITED STATES,CT
BGC,BRIDGEPORT,UNITED STATES,CT
GRT,GROTON,UNITED STATES,CT
HAR,HARTFORD,UNITED STATES,CT
NWH,NEWHAVEN,UNITED STATES,CT
NWL,NEWLONDON,UNITED STATES,CT
TST,NEWINGTONDATACENTERTEST,UNITED STATES,CT
WAS,WASHINGTON DC,UNITED STATES,DC
DOV,DOVERAFB,UNITED STATES,DE
DVD,DOVER-AFB,UNITED STATES,DE
WLL,WILMINGTON,UNITED STATES,DE
BOC,BOCAGRANDE,UNITED STATES,FL
SRQ,BRADENTON-SARASOTA,UNITED STATES,FL
CAN,CAPECANAVERAL,UNITED STATES,FL
DAB,DAYTONABEACHINTERNATIONAL,UNITED STATES,FL
FRN,FERNANDINA,UNITED STATES,FL
FTL,FORTLAUDERDALE,UNITED STATES,FL
FMY,FORTMYERS,UNITED STATES,FL
FPF,FORTPIERCE,UNITED STATES,FL
HUR,HURLBURTFIELD,UNITED STATES,FL
GNV,JRALISONMUNI-GAINESVILLE,UNITED STATES,FL
JAC,JACKSONVILLE,UNITED STATES,FL
KEY,KEYWEST,UNITED STATES,FL
LEE,LEESBURGMUNICIPALAIRPORT,UNITED STATES,FL
MLB,MELBOURNE,UNITED STATES,FL
MIA,MIAMI,UNITED STATES,FL
APF,NAPLES,UNITED STATES,FL
OPF,OPALOCKA,UNITED STATES,FL
ORL,ORLANDO,UNITED STATES,FL
PAN,PANAMACITY,UNITED STATES,FL
PEN,PENSACOLA,UNITED STATES,FL
PCF,PORTCANAVERAL,UNITED STATES,FL
PEV,PORTEVERGLADES,UNITED STATES,FL
PSJ,PORTSTJOE,UNITED STATES,FL
SFB,SANFORD,UNITED STATES,FL
SGJ,STAUGUSTINEARPT,UNITED STATES,FL
SAU,STAUGUSTINE,UNITED STATES,FL
FPR,STLUCIECOUNTY,UNITED STATES,FL
SPE,STPETERSBURG,UNITED STATES,FL
TAM,TAMPA,UNITED STATES,FL
WPB,WESTPALMBEACH,UNITED STATES,FL
ATL,ATLANTA,UNITED STATES,GA
BRU,BRUNSWICK,UNITED STATES,GA
AGS,BUSHFIELD-AUGUSTA,UNITED STATES,GA
SAV,SAVANNAH,UNITED STATES,GA
AGA,AGANA,UNITED STATES,GU
HHW,HONOLULU,UNITED STATES,HI
OGG,KAHULUI-MAUI,UNITED STATES,HI
KOA,KEAHOLE-KONA,UNITED STATES,HI
LIH,LIHUE,UNITED STATES,HI
CID,CEDARRAPIDS/IOWACITY,UNITED STATES,IA
DSM,DESMOINES,UNITED STATES,IA
BOI,AIRTERM(GOWENFLD)BOISE,UNITED STATES,ID
EPI,EASTPORT,UNITED STATES,ID
IDA,FANNINGFIELD-IDAHOFALLS,UNITED STATES,ID
PTL,PORTHILL,UNITED STATES,ID
SPI,CAPITAL-SPRINGFIELD,UNITED STATES,IL
CHI,CHICAGO,UNITED STATES,IL
DPA,DUPAGECOUNTY,UNITED STATES,IL
PIA,GREATERPEORIA,UNITED STATES,IL
RFD,GREATERROCKFORD,UNITED STATES,IL
UGN,MEMORIAL-WAUKEGAN,UNITED STATES,IL
GAR,GARY,UNITED STATES,IN
HMM,HAMMOND,UNITED STATES,IN
INP,INDIANAPOLIS,UNITED STATES,IN
MRL,MERRILLVILLE,UNITED STATES,IN
SBN,SOUTHBEND,UNITED STATES,IN
ICT,MID-CONTINENT-WITCHITA,UNITED STATES,KS
LEX,BLUEGRASS-LEXINGTON,UNITED STATES,KY
LOU,LOUISVILLE,UNITED STATES,KY
BTN,BATONROUGE,UNITED STATES,LA
LKC,LAKECHARLES,UNITED STATES,LA
LAK,LAKECHARLES,UNITED STATES,LA
MLU,MONROE,UNITED STATES,LA
MGC,MORGANCITY,UNITED STATES,LA
NOL,NEWORLEANS,UNITED STATES,LA
BOS,BOSTON,UNITED STATES,MA
GLO,GLOUCESTER,UNITED STATES,MA
BED,HANSCOMFIELD-BEDFORD,UNITED STATES,MA
LYN,LYNDEN,UNITED STATES,WA
ADW,ANDREWSAFB,UNITED STATES,MD
BAL,BALTIMORE,UNITED STATES,MD
MKG,MUSKEGON,UNITED STATES,MD
PAX,PATUXENTRIVER,UNITED STATES,MD
BGM,BANGOR,UNITED STATES,ME
BOO,BOOTHBAYHARBOR,UNITED STATES,ME
BWM,BRIDGEWATER,UNITED STATES,ME
BCK,BUCKPORT,UNITED STATES,ME
CLS,CALAIS,UNITED STATES,ME
CRB,CARIBOU,UNITED STATES,ME
COB,COBURNGORE,UNITED STATES,ME
EST,EASTCOURT,UNITED STATES,ME
EPT,EASTPORTMUNICIPAL,UNITED STATES,ME
EPM,EASTPORT,UNITED STATES,ME
FOR,FORESTCITY,UNITED STATES,ME
FTF,FORTFAIRFIELD,UNITED STATES,ME
FTK,FORTKENT,UNITED STATES,ME
HML,HAMIIN,UNITED STATES,ME
HTM,HOULTON,UNITED STATES,ME
JKM,JACKMAN,UNITED STATES,ME
KAL,KALISPEL,UNITED STATES,MT
LIM,LIMESTONE,UNITED STATES,ME
LUB,LUBEC,UNITED STATES,ME
MAD,MADAWASKA,UNITED STATES,ME
POM,PORTLAND,UNITED STATES,ME
RGM,RANGELEY,UNITED STATES,ME
SBR,SOUTHBREWER,UNITED STATES,ME
SRL,STAURELIE,UNITED STATES,ME
SPA,STPAMPILE,UNITED STATES,ME
VNB,VANBUREN,UNITED STATES,ME
VCB,VANCEBORO,UNITED STATES,ME
AGN,ALGONAC,UNITED STATES,MI
ALP,ALPENA,UNITED STATES,MI
BCY,BAYCITY,UNITED STATES,MI
DET,DETROIT,UNITED STATES,MI
GRP,GRANDRAPIDS,UNITED STATES,MI
GRO,GROSSEISLE,UNITED STATES,MI
ISL,ISLEROYALE,UNITED STATES,MI
MRC,MARINECITY,UNITED STATES,MI
MRY,MARYSVILLE,UNITED STATES,MI
PTK,OAKLANDCOUNTY-PONTIAC,UNITED STATES,MI
PHU,PORTHURON,UNITED STATES,MI
RBT,ROBERTSLANDING,UNITED STATES,MI
SAG,SAGINAW,UNITED STATES,MI
SSM,SAULTSTEMARIE,UNITED STATES,MI
SCL,STCLAIR,UNITED STATES,MI
YIP,WILLOWRUN-YPSILANTI,UNITED STATES,MI
BAU,BAUDETTE,UNITED STATES,MN
CAR,CARIBOUMUNICIPALAIRPORT,UNITED STATES,MN
GTF,CollapsedintoINT,UNITED STATES,MN
INL,CollapsedintoINT,UNITED STATES,MN
CRA,CRANELAKE,UNITED STATES,MN
MIC,CRYSTALMUNICIPALAIRPORT,UNITED STATES,MN
DUL,DULUTH,UNITED STATES,MN
ELY,ELY,UNITED STATES,MN
GPM,GRANDPORTAGE,UNITED STATES,MN
SVC,GRANTCOUNTY-SILVERCITY,UNITED STATES,MN
INT,INTLFALLS,UNITED STATES,MN
LAN,LANCASTER,UNITED STATES,MN
MSP,MINN/STPAUL,UNITED STATES,MN
LIN,NORTHERNSVCCENTER,UNITED STATES,MN
NOY,NOYES,UNITED STATES,MN
PIN,PINECREEK,UNITED STATES,MN
48Y,PINECREEKBORDERARPT,UNITED STATES,MN
RAN,RAINER,UNITED STATES,MN
RST,ROCHESTER,UNITED STATES,MN
ROS,ROSEAU,UNITED STATES,MN
SPM,STPAUL,UNITED STATES,MN
WSB,WARROAD INTL SPB,UNITED STATES,MN
WAR,WARROAD,UNITED STATES,MN
KAN,KANSASCITY,UNITED STATES,MO
SGF,SPRINGFIELD-BRANSON,UNITED STATES,MO
STL,STLOUIS,UNITED STATES,MO
WHI,WHITETAIL,UNITED STATES,MT
WHM,WILDHORSE,UNITED STATES,MT
GPT,BILOXIREGIONAL,UNITED STATES,MS
GTR,GOLDENTRIANGLELOWNDESCNTY,UNITED STATES,MS
GUL,GULFPORT,UNITED STATES,MS
PAS,PASCAGOULA,UNITED STATES,MS
JAN,THOMPSONFIELD-JACKSON,UNITED STATES,MS
BIL,BILLINGS,UNITED STATES,MT
BTM,BUTTE,UNITED STATES,MT
CHF,CHIEFMT,UNITED STATES,MT
CTB,CUTBANKMUNICIPAL,UNITED STATES,MT
CUT,CUTBANK,UNITED STATES,MT
DLB,DELBONITA,UNITED STATES,MT
EUR,EUREKA,UNITED STATES,MT
BZN,GALLATINFIELD-BOZEMAN,UNITED STATES,MT
FCA,GLACIERNATIONALPARK,UNITED STATES,MT
GGW,GLASGOW,UNITED STATES,MT
GRE,GREATFALLS,UNITED STATES,MT
HVR,HAVRE,UNITED STATES,MT
HEL,HELENA,UNITED STATES,MT
LWT,LEWISTON,UNITED STATES,MT
MGM,MORGAN,UNITED STATES,MT
OPH,OPHEIM,UNITED STATES,MT
PIE,PIEGAN,UNITED STATES,MT
RAY,RAYMOND,UNITED STATES,MT
ROO,ROOSVILLE,UNITED STATES,MT
SCO,SCOBEY,UNITED STATES,MT
SWE,SWEETGTASS,UNITED STATES,MT
TRL,TRIALCREEK,UNITED STATES,MT
TUR,TURNER,UNITED STATES,MT
WCM,WILLOWCREEK,UNITED STATES,MT
CLT,CHARLOTTE,UNITED STATES,NC
FAY,FAYETTEVILLE,UNITED STATES,NC
MRH,MOREHEADCITY,UNITED STATES,NC
FOP,MORRISFIELDSAAF,UNITED STATES,NC
GSO,PIEDMONTTRIADINTLAIRPORT,UNITED STATES,NC
RDU,RALEIGH/DURHAM,UNITED STATES,NC
SSC,SHAWAFB-SUMTER,UNITED STATES,NC
WIL,WILMINGTON,UNITED STATES,NC
AMB,AMBROSE,UNITED STATES,ND
ANT,ANTLER,UNITED STATES,ND
CRY,CARBURY,UNITED STATES,ND
DNS,DUNSEITH,UNITED STATES,ND
FAR,FARGO,UNITED STATES,ND
FRT,FORTUNA,UNITED STATES,ND
GRF,GRANDFORKS,UNITED STATES,ND
HNN,HANNAH,UNITED STATES,ND
HNS,HANSBORO,UNITED STATES,ND
MAI,MAIDA,UNITED STATES,ND
MND,MINOT,UNITED STATES,ND
NEC,NECHE,UNITED STATES,ND
NOO,NOONAN,UNITED STATES,ND
NRG,NORTHGATE,UNITED STATES,ND
PEM,PEMBINA,UNITED STATES,ND
SAR,SARLES,UNITED STATES,ND
SHR,SHERWOOD,UNITED STATES,ND
SJO,STJOHN,UNITED STATES,ND
WAL,WALHALLA,UNITED STATES,ND
WHO,WESTHOPE,UNITED STATES,ND
WND,WILLISTON,UNITED STATES,ND
OMA,OMAHA,UNITED STATES,NE
LEB,LEBANON,UNITED STATES,NH
MHT,MANCHESTER,UNITED STATES,NH
PNH,PITTSBURG,UNITED STATES,NH
PSM,PORTSMOUTH,UNITED STATES,NH
BYO,BAYONNE,UNITED STATES,NJ
CNJ,CAMDEN,UNITED STATES,NJ
HOB,HOBOKEN,UNITED STATES,NJ
JER,JERSEYCITY,UNITED STATES,NJ
WRI,MCGUIREAFB-WRIGHTSOWN,UNITED STATES,NJ
MMU,MORRISTOWN,UNITED STATES,NJ
NEW,NEWARK/TETERBORO,UNITED STATES,NJ
PER,PERTHAMBOY,UNITED STATES,NJ
ACY,POMONAFIELD-ATLANTICCITY,UNITED STATES,NJ
ALA,ALAMAGORDO,UNITED STATES,NM
ABQ,ALBUQUERQUE,UNITED STATES,NM
ANP,ANTELOPEWELLS,UNITED STATES,NM
CRL,CARLSBAD,UNITED STATES,NM
COL,COLUMBUS,UNITED STATES,NM
CDD,CRANELAKE-STLOUISCNTY,UNITED STATES,NM
DNM,DEMING,UNITED STATES,NM
LAS,LASCRUCES,UNITED STATES,NM
LOB,LORDSBURG,UNITED STATES,NM
RUI,RUIDOSO,UNITED STATES,NM
STR,SANTATERESA,UNITED STATES,NM
RNO,CANNONINTL-RENO/TAHOE,UNITED STATES,NV
FLX,FALLONMUNICIPALAIRPORT,UNITED STATES,NV
LVG,LASVEGAS,UNITED STATES,NV
REN,RENO,UNITED STATES,NV
ALB,ALBANY,UNITED STATES,NY
AXB,ALEXANDRIABAY,UNITED STATES,NY
BUF,BUFFALO,UNITED STATES,NY
CNH,CANNONCORNERS,UNITED STATES,NY
CAP,CAPEVINCENT,UNITED STATES,NY
CHM,CHAMPLAIN,UNITED STATES,NY
CHT,CHATEAUGAY,UNITED STATES,NY
CLA,CLAYTON,UNITED STATES,NY
FTC,FORTCOVINGTON,UNITED STATES,NY
LAG,LAGUARDIA,UNITED STATES,NY
LEW,LEWISTON,UNITED STATES,NY
MAS,MASSENA,UNITED STATES,NY
MAG,MCGUIREAFB,UNITED STATES,NY
MOO,MOORES,UNITED STATES,NY
MRR,MORRISTOWN,UNITED STATES,NY
NYC,NEWYORK,UNITED STATES,NY
NIA,NIAGARAFALLS,UNITED STATES,NY
OGD,OGDENSBURG,UNITED STATES,NY
OSW,OSWEGO,UNITED STATES,NY
ELM,REGIONALARPT-HORSEHEAD,UNITED STATES,NY
ROC,ROCHESTER,UNITED STATES,NY
ROU,ROUSESPOINT,UNITED STATES,NY
SWF,STEWART-ORANGECNTY,UNITED STATES,NY
SYR,SYRACUSE,UNITED STATES,NY
THO,THOUSANDISLANDBRIDGE,UNITED STATES,NY
TRO,TROUTRIVER,UNITED STATES,NY
WAT,WATERTOWN,UNITED STATES,NY
HPN,WESTCHESTER-WHITEPLAINS,UNITED STATES,NY
WRB,WHIRLPOOLBRIDGE,UNITED STATES,NY
YOU,YOUNGSTOWN,UNITED STATES,NY
AKR,AKRON,UNITED STATES,OH
ATB,ASHTABULA,UNITED STATES,OH
CIN,CINCINNATI,UNITED STATES,OH
CLE,CLEVELAND,UNITED STATES,OH
CLM,COLUMBUS,UNITED STATES,OH
LOR,LORAIN,UNITED STATES,OH
MBO,MARBLEHEADS,UNITED STATES,OH
SDY,SANDUSKY,UNITED STATES,OH
TOL,TOLEDO,UNITED STATES,OH
OKC,OKLAHOMACITY,UNITED STATES,OK
TUL,TULSA,UNITED STATES,OK
AST,ASTORIA,UNITED STATES,OR
COO,COOSBAY,UNITED STATES,OR
HIO,HILLSBORO,UNITED STATES,OR
MED,MEDFORD,UNITED STATES,OR
NPT,NEWPORT,UNITED STATES,OR
POO,PORTLAND,UNITED STATES,OR
PUT,PUT-IN-BAY,UNITED STATES,OH
RDM,ROBERTSFIELDS-REDMOND,UNITED STATES,OR
ERI,ERIE,UNITED STATES,PA
MDT,HARRISBURG,UNITED STATES,PA
HSB,HARRISONBURG,UNITED STATES,PA
PHI,PHILADELPHIA,UNITED STATES,PA
PIT,PITTSBURG,UNITED STATES,PA
AGU,AGUADILLA,UNITED STATES,PR
BQN,BORINQUEN-AGUADILLO,UNITED STATES,PR
JCP,CULEBRA-BENJAMINRIVERA,UNITED STATES,PR
ENS,ENSENADA,UNITED STATES,PR
FAJ,FAJARDO,UNITED STATES,PR
HUM,HUMACAO,UNITED STATES,PR
JOB,JOBOS,UNITED STATES,PR
MAY,MAYAGUEZ,UNITED STATES,PR
PON,PONCE,UNITED STATES,PR
PSE,PONCE-MERCEDITA,UNITED STATES,PR
SAJ,SANJUAN,UNITED STATES,PR
VQS,VIEQUES-ARPT,UNITED STATES,PR
PRO,PROVIDENCE,UNITED STATES,RI
PVD,THEODOREFRANCIS-WARWICK,UNITED STATES,RI
CHL,CHARLESTON,UNITED STATES,SC
CAE,COLUMBIA,UNITED STATES,SC
GEO,GEORGETOWN,UNITED STATES,SC
GSP,GREENVILLE,UNITED STATES,SC
GRR,GREER,UNITED STATES,SC
MYR,MYRTLEBEACH,UNITED STATES,SC
SPF,BLACK HILLS SPEARFISH,UNITED STATES,SD
HON,HOWESREGIONALARPT-HURON,UNITED STATES,SD
SAI,SAIPAN,UNITED STATES,SPN
TYS,MCGHEETYSON-ALCOA,UNITED STATES,TN
MEM,MEMPHIS,UNITED STATES,TN
NSV,NASHVILLE,UNITED STATES,TN
TRI,TRICITYARPT,UNITED STATES,TN
ADS,ADDISONAIRPORT-ADDISON,UNITED STATES,TX
ADT,AMISTADDAM,UNITED STATES,TX
ANZ,ANZALDUAS,UNITED STATES,TX
AUS,AUSTIN,UNITED STATES,TX
BEA,BEAUMONT,UNITED STATES,TX
BBP,BIGBENDPARK,UNITED STATES,TX
SCC,BPSPECCOORDCTR,UNITED STATES,TX
BTC,BPTACTICALUNIT,UNITED STATES,TX
BOA,BRIDGEOFAMERICAS,UNITED STATES,TX
BRO,BROWNSVILLE,UNITED STATES,TX
CRP,CORPUSCHRISTI,UNITED STATES,TX
DAL,DALLAS,UNITED STATES,TX
DLR,DELRIO,UNITED STATES,TX
DNA,DONNA,UNITED STATES,TX
EGP,EAGLEPASS,UNITED STATES,TX
ELP,ELPASO,UNITED STATES,TX
FAB,FABENS,UNITED STATES,TX
FAL,FALCONHEIGHTS,UNITED STATES,TX
FTH,FORTHANCOCK,UNITED STATES,TX
AFW,FORTWORTHALLIANCE,UNITED STATES,TX
FPT,FREEPORT,UNITED STATES,TX
GAL,GALVESTON,UNITED STATES,TX
HLG,HARLINGEN,UNITED STATES,TX
HID,HIDALGO,UNITED STATES,TX
HOU,HOUSTON,UNITED STATES,TX
SGR,HULL FIELD SUGAR LAND ARPT,UNITED STATES,TX
LLB,JUAREZ-LINCOLNBRIDGE,UNITED STATES,TX
LCB,LAREDOCOLUMBIABRIDGE,UNITED STATES,TX
LRN,LAREDONORTH,UNITED STATES,TX
LAR,LAREDO,UNITED STATES,TX
LSE,LOSEBANOS,UNITED STATES,TX
IND,LOSINDIOS,UNITED STATES,TX
LOI,LOSINDIOS,UNITED STATES,TX
MRS,MARFA,UNITED STATES,TX
MCA,MCALLEN,UNITED STATES,TX
MAF,ODESSAREGIONAL,UNITED STATES,TX
PDN,PASODELNORTE,UNITED STATES,TX
PBB,PEACEBRIDGE,UNITED STATES,NY
PHR,PHARR,UNITED STATES,TX
PAR,PORTARTHUR,UNITED STATES,TX
ISB,PORTISABEL,UNITED STATES,TX
POE,PORTOFELPASO,UNITED STATES,TX
PRE,PRESIDIO,UNITED STATES,TX
PGR,PROGRESO,UNITED STATES,TX
RIO,RIOGRANDECITY,UNITED STATES,TX
ROM,ROMA,UNITED STATES,TX
SNA,SANANTONIO,UNITED STATES,TX
SNN,SANDERSON,UNITED STATES,TX
VIB,VETERANINTLBRIDGE,UNITED STATES,TX
YSL,YSLETA,UNITED STATES,TX
CHA,CHARLOTTEAMALIE,UNITED STATES,VI
CHR,CHRISTIANSTED,UNITED STATES,VI
CRU,CRUZ BAY ST JOHN,UNITED STATES,VI
FRK,FREDERIKSTED,UNITED STATES,VI
STT,STTHOMAS,UNITED STATES,VI
LGU,CACHEAIRPORT-LOGAN,UNITED STATES,UT
SLC,SALTLAKECITY,UNITED STATES,UT
CHO,ALBEMARLECHARLOTTESVILLE,UNITED STATES,VA
DAA,DAVISONAAF-FAIRFAXCNTY,UNITED STATES,VA
HOP,HOPEWELL,UNITED STATES,VA
HEF,MANASSAS,UNITED STATES,VA
NWN,NEWPORT,UNITED STATES,VA
NOR,NORFOLK,UNITED STATES,VA
RCM,RICHMOND,UNITED STATES,VA
ABS,ALBURGSPRINGS,UNITED STATES,VT
ABG,ALBURG,UNITED STATES,VT
BEB,BEEBEPLAIN,UNITED STATES,VT
BEE,BEECHERFALLS,UNITED STATES,VT
BRG,BURLINGTON,UNITED STATES,VT
CNA,CANAAN,UNITED STATES,VT
DER,DERBYLINE,UNITED STATES,VT
DLV,DERBYLINE,UNITED STATES,VT
ERC,EASTRICHFORD,UNITED STATES,VT
HIG,HIGHGATESPRINGS,UNITED STATES,VT
MOR,MORSESLINE,UNITED STATES,VT
NPV,NEWPORT,UNITED STATES,VT
NRT,NORTHTROY,UNITED STATES,VT
NRN,NORTON,UNITED STATES,VT
PIV,PINNACLEROAD,UNITED STATES,VT
RIF,RICHFORT,UNITED STATES,VT
STA,STALBANS,UNITED STATES,VT
SWB,SWANTON,UNITED STATES,VT
WBE,WESTBERKSHIRE,UNITED STATES,VT
ABE,ABERDEEN,UNITED STATES,WA
ANA,ANACORTES,UNITED STATES,WA
BEL,BELLINGHAM,UNITED STATES,WA
BLI,BELLINGHAM WASHINGTON,UNITED STATES,WA
BLA,BLAINE,UNITED STATES,WA
BWA,BOUNDARY,UNITED STATES,WA
CUR,CURLEW,UNITED STATES,WA
DVL,DANVILLE,UNITED STATES,WA
EVE,EVERETT,UNITED STATES,WA
FER,FERRY,UNITED STATES,WA
FRI,FRIDAYHARBOR,UNITED STATES,WA
FWA,FRONTIER,UNITED STATES,WA
KLM,KALAMA,UNITED STATES,WA
LAU,LAURIER,UNITED STATES,WA
LON,LONGVIEW,UNITED STATES,WA
MET,METALINEFALLS,UNITED STATES,WA
MWH,MOSESLAKEGRANTCOUNTYARPT,UNITED STATES,WA
NEA,NEAHBAY,UNITED STATES,WA
NIG,NIGHTHAWK,UNITED STATES,WA
OLY,OLYMPIA,UNITED STATES,WA
ORO,OROVILLE,UNITED STATES,WA
PWB,PASCO,UNITED STATES,WA
PIR,POINTROBERTS,UNITED STATES,WA
PNG,PORTANGELES,UNITED STATES,WA
PTO,PORTTOWNSEND,UNITED STATES,WA
SEA,SEATTLE,UNITED STATES,WA
SPO,SPOKANE,UNITED STATES,WA
SUM,SUMAS,UNITED STATES,WA
TAC,TACOMA,UNITED STATES,WA
PSC,TRI-CITIES-PASCO,UNITED STATES,WA
VAN,VANCOUVER,UNITED STATES,WA
AGM,ALGOMA,UNITED STATES,WI
BAY,BAYFIELD,UNITED STATES,WI
GRB,GREENBAY,UNITED STATES,WI
MNW,MANITOWOC,UNITED STATES,WI
MIL,MILWAUKEE,UNITED STATES,WI
MSN,TRUAXFIELD-DANECOUNTY,UNITED STATES,WI
CHS,CHARLESTON,UNITED STATES,WV
CLK,CLARKSBURG,UNITED STATES,WV
BLF,MERCERCOUNTY,UNITED STATES,WV
CSP,CASPER,UNITED STATES,WY
CNC,CANNON CORNERS,UNITED STATES,NY
AG0,MAGNOLIA,UNITED STATES,AR
BHM,BARHARBOR,UNITED STATES,ME
BHX,BIRMINGHAM,UNITED STATES,AL
CAK,AKRON,UNITED STATES,OH
FOK,SUFFOLKCOUNTY,UNITED STATES,NY
LND,LANDER,UNITED STATES,WY
MAR,MARFA,UNITED STATES,TX
MLI,MOLINE,UNITED STATES,IL
RIV,RIVERSIDE,UNITED STATES,CA
RME,ROME,UNITED STATES,NY
VNY,VANNUYS,UNITED STATES,CA
YUM,YUMA,UNITED STATES,AZ
CLG,CALGARY,CANADA,INTL
EDA,EDMONTON,CANADA,INTL
YHC,HAKAIPASS,CANADA,INTL
HAL,Halifax,CANADA,INTL
MON,MONTREAL NS,CANADA,INTL
OTT,OTTAWA,CANADA,INTL
YXE,SASKATOON,CANADA,INTL
TOR,TORONTO,CANADA,INTL
VCV,VANCOUVER,CANADA,INTL
VIC,VICTORIA,CANADA,INTL
WIN,WINNIPEG,CANADA,INTL
AMS,AMSTERDAM-SCHIPHOL,NETHERLANDS,INTL
ARB,ARUBA,NETHANTILLES,INTL
BAN,BANKOK,THAILAND,INTL
BEI,BEICA,ETHIOPIA,INTL
PEK,BEIJINGCAPITALINTL,PRC,INTL
BDA,KINDLEYFIELD,BERMUDA,INTL
BOG,BOGOTA ELDORADO,COLOMBIA,INTL
EZE,BUENOSAIRES MINISTROPIST,ARGENTINA,INTL
CUN,CANCUN,MEXICO,INTL
CRQ,CARAVELAS BA,BRAZIL,INTL
MVD,CARRASCO,URUGUAY,INTL
DUB,DUBLIN,IRELAND,INTL
FOU,FOUGAMOU,GABON,INTL
FBA,FREEPORT,BAHAMAS,INTL
MTY,GENMESCOBEDO MONTERREY,MEXICO,INTL
HMO,GENPESQUEIRAGARCIA,MEXICO,INTL
GCM,GRANDCAYMAN,CAYMANISLAND,INTL
GDL,GUADALAJARA MIGUELHIDAL,MEXICO,INTL
HAM,HAMILTON,BERMUDA,INTL
ICN,INCHON,SEOULKOREA,INTL
IWA,INVALID-IWAKUNI,JAPAN,INTL
CND,KOGALNICEANU,ROMANIA,INTL
LAH,LABUHAARPT,INDONESIA,INTL
DUR,LOUISBOTHA,SOUTHAFRICA,INTL
MAL,MANGOLEARPT,INDONESIA,INTL
MDE,MEDELLIN,COLOMBIA,INTL
MEX,JUAREZINTL MEXICOCITY,MEXICO,INTL
LHR,MIDDLESEX,ENGLAND,INTL
NBO,NAIROBI,KENYA,INTL
NAS,NASSAU,BAHAMAS,INTL
NCA,NORTHCAICOS,TURK&CAIMAN,INTL
PTY,OMARTORRIJOS,PANAMA,INTL
SPV,PAPUA,NEWGUINEA,INTL
UIO,QUITO(MARISCALSUCR),ECUADOR,INTL
RIT,ROME,ITALY,INTL
SNO,SAKONNAKHON,THAILAND,INTL
SLP,SANLUISPOTOSI,MEXICO,INTL
SAN,SANSALVADOR,ELSALVADOR,INTL
SRO,SANTANARAMOS,COLOMBIA,INTL
GRU,GUARULHOSINTL SAOPAULO,BRAZIL,INTL
SHA,SHANNON,IRELAND,INTL
HIL,SHILLAVO,ETHIOPIA,INTL
TOK,TOROKINA PAPUA,NEWGUINEA,INTL
VER,VERACRUZ,MEXICO,INTL
LGW,WESTSUSSEX,ENGLAND,INTL
ZZZ,MEXICO LAND,MEXICO,INTL
MAA,ABUDHABI,ABUDHABI,INTL
XXX,NOTREPORTED/UNKNOWN,NA,NA
888,UNIDENTIFEDAIR/SEAPORT,NA,NA
UNK,UNKNOWNPOE,NA,NA
FRG,Collapsed(FOK)43997,NA,NA
HRL,Collapsed(HLG)43997,NA,NA
ISP,Collapsed(FOK)43997,NA,NA
JSJ,Collapsed(SAJ)43997,NA,NA
BUS,Collapsed(BUF)43997,NA,NA
IAG,Collapsed(NIA)43997,NA,NA
PHN,Collapsed(PHU)43997,NA,NA
STN,Collapsed(STR)43997,NA,NA
VMB,Collapsed(VNB)43997,NA,NA
T01,Collapsed(SEA)43997,NA,NA
CHN,NoPORTCode(CHN),NA,NA
PHF,NoPORTCode(PHF),NA,NA
DRV,NoPORTCode(DRV),NA,NA
FTB,NoPORTCode(FTB),NA,NA
GAC,NoPORTCode(GAC),NA,NA
GMT,NoPORTCode(GMT),NA,NA
JFA,NoPORTCode(JFA),NA,NA
JMZ,NoPORTCode(JMZ),NA,NA
NC8,NoPORTCode(NC8),NA,NA
NYL,NoPORTCode(NYL),NA,NA
OAI,NoPORTCode(OAI),NA,NA
PCW,NoPORTCode(PCW),NA,NA
WA5,NoPORTCode(WAS),NA,NA
WTR,NoPORTCode(WTR),NA,NA
X96,NoPORTCode(X96),NA,NA
XNA,NoPORTCode(XNA),NA,NA
YGF,NoPORTCode(YGF),NA,NA
5T6,NoPORTCode(5T6),NA,NA
60,NoPORTCode-60,NA,NA
SP0,NoPORTCode(SP0),NA,NA
W55,NoPORTCode(W55),NA,NA
X44,NoPORTCode(X44),NA,NA
AUH,NoPORTCode(AUH),NA,NA
RYY,NoPORTCode(RYY),NA,NA
SUS,NoPORTCode(SUS),NA,NA
74S,NoPORTCode(74S),NA,NA
ATW,NoPORTCode(ATW),NA,NA
CPX,NoPORTCode(CPX),NA,NA
MTH,NoPORTCode(MTH),NA,NA
PFN,NoPORTCode(PFN),NA,NA
SCH,NoPORTCode(SCH),NA,NA
ASI,NoPORTCode(ASI),NA,NA
BKF,NoPORTCode(BKF),NA,NA
DAY,NoPORTCode(DAY),NA,NA
Y62,NoPORTCode(Y62),NA,NA
AG,NoPORTCode(AG),NA,NA
BCM,NoPORTCode(BCM),NA,NA
DEC,NoPORTCode(DEC),NA,NA
PLB,NoPORTCode(PLB),NA,NA
CXO,NoPORTCode(CXO),NA,NA
JBQ,NoPORTCode(JBQ),NA,NA
JIG,NoPORTCode(JIG),NA,NA
OGS,NoPORTCode(OGS),NA,NA
TIW,NoPORTCode(TIW),NA,NA
OTS,NoPORTCode(OTS),NA,NA
AMT,NoPORTCode(AMT),NA,NA
EGE,NoPORTCode(EGE),NA,NA
GPI,NoPORTCode(GPI),NA,NA
NGL,NoPORTCode(NGL),NA,NA
OLM,NoPORTCode(OLM),NA,NA
GA,NoPORTCode(GA),NA,NA
CLX,NoPORTCode(CLX),NA,NA
CP,NoPORTCode(CP),NA,NA
FSC,NoPORTCode(FSC),NA,NA
NK,NoPORTCode(NK),NA,NA
ADU,NoPORTCode(ADU),NA,NA
AKT,NoPORTCode(AKT),NA,NA
LIT,NoPORTCode(LIT),NA,NA
A2A,NoPORTCode(A2A),NA,NA
OSN,NoPORTCode(OSN),NA,NA
